<?xml version="1.0" encoding="utf-8"?>
<!DOCTYPE hibernate-mapping PUBLIC "-//Hibernate/Hibernate Mapping DTD 3.0//EN"
"http://www.hibernate.org/dtd/hibernate-mapping-3.0.dtd">
<!-- 
    Mapping file autogenerated by MyEclipse Persistence Tools
-->
<hibernate-mapping>
    <class name="com.qhit.lh.g4.jay.exam.tkgl.bean.MachineQuestion" table="t_machineQuestion" schema="dbo" catalog="db_exam">
        <id name="qid" type="java.lang.Integer">
            <column name="qId" />
            <generator class="native"></generator>
        </id>
        <property name="qtitle" type="java.lang.String">
            <column name="qTitle" length="100" not-null="true" />
        </property>
        <property name="degree" type="java.lang.String">
            <column name="degree" length="10" not-null="true" />
        </property>
        <property name="csId" type="java.lang.Integer" insert="false" update="false">
            <column name="csId" not-null="true" />
        </property>
        <property name="chapter" type="java.lang.String">
            <column name="chapter" length="5" />
        </property>
        
        <!-- n-1 -->
        <many-to-one name="course" class="com.qhit.lh.g4.jay.exam.kmgl.bean.Course" column="csId" lazy="false"></many-to-one>
    </class>
</hibernate-mapping>
