<?xml version="1.0" encoding="utf-8"?>
<!DOCTYPE hibernate-mapping PUBLIC "-//Hibernate/Hibernate Mapping DTD 3.0//EN"
"http://www.hibernate.org/dtd/hibernate-mapping-3.0.dtd">
<!-- 
    Mapping file autogenerated by MyEclipse Persistence Tools
-->
<hibernate-mapping>
    <class name="com.qhit.lh.g4.jay.exam.common.bean.User" table="t_user" schema="dbo" catalog="db_exam">
        <id name="name" type="java.lang.String">
            <column name="name" length="20"/>
            <generator class="assigned"></generator>
        </id>
        <property name="pwd" type="java.lang.String">
            <column name="pwd" length="20" not-null="true" />
        </property>
        <property name="role" type="java.lang.Integer">
            <column name="role" not-null="true" />
        </property>
    </class>
</hibernate-mapping>
