<?xml version="1.0" encoding="utf-8"?>
<!DOCTYPE hibernate-mapping PUBLIC "-//Hibernate/Hibernate Mapping DTD 3.0//EN"
"http://www.hibernate.org/dtd/hibernate-mapping-3.0.dtd">
<!-- 
    Mapping file autogenerated by MyEclipse Persistence Tools
-->
<hibernate-mapping>
    <class name="com.qhit.lh.g4.jay.exam.jsgl.bean.Teacher" table="t_teacher" schema="dbo" catalog="db_exam">
        <id name="tid" type="string">
            <column name="tid" length="20" />
            <generator class="foreign">
            	<param name="property">user</param>
            </generator>
        </id>
        <property name="tname" type="string">
            <column name="tname" length="20" not-null="true" />
        </property>
        <property name="sex" type="string">
            <column name="sex" length="2" not-null="true" />
        </property>
        <property name="birthday" type="date">
            <column name="birthday" length="10" />
        </property>
        <property name="education" type="string">
            <column name="education" length="20" />
        </property>
        <property name="tel" type="string">
            <column name="tel" length="11" />
        </property>
        <property name="post" type="string">
            <column name="post" length="10" not-null="true" />
        </property>
        <property name="remarks" type="string">
            <column name="remarks" length="100" />
        </property>
        
        <!-- 1-1 -->
        <one-to-one name="user" class="com.qhit.lh.g4.jay.exam.common.bean.User" cascade="all"></one-to-one>
    </class>
</hibernate-mapping>
