<?xml version="1.0" encoding="UTF-8" ?>
<!DOCTYPE struts PUBLIC
        "-//Apache Software Foundation//DTD Struts Configuration 2.0//EN"
        "http://struts.apache.org/dtds/struts-2.0.dtd">

<struts>

    <package name="user" namespace="/user" extends="default">

        <action name="user_*" class="com.qhit.lh.g4.jay.exam.common.action.UserAction" method="{1}">
        	<result name="loginSuccess">/jsp/home.jsp</result>
        	<result name="loginFail">/index.jsp</result>
        	<result name="logout">/index.jsp</result>
        </action>
    </package>
</struts>
